class,selector,types,armv7_imp
animationTimer,animationTimer,types 0x3c64c5 @8@0:4,0x2a4c
animationTimer,animationInterval,types 0x3c64cc d8@0:4,0x3270
animationTimer,touchesCancelled:withEvent:,types 0x3c64d3 v16@0:4@8@12,0x32b8
animationTimer,touchesEnded:withEvent:,types 0x3c64d3 v16@0:4@8@12,0x3430
animationTimer,touchesMoved:withEvent:,types 0x3c64d3 v16@0:4@8@12,0x35a8
animationTimer,touchesBegan:withEvent:,types 0x3c64d3 v16@0:4@8@12,0x3720
animationTimer,ConvertCoordP:,types 0x3c64e0 {CGPoint=ff}16@0:4{CGPoint=ff}8,0x38b8
animationTimer,acceleratedInX:Y:Z:,types 0x3c6500 v20@0:4f8f12f16,0x2a60
animationTimer,dealloc,types 0x3c6510 v8@0:4,0x3988
animationTimer,setAnimationInterval:,types 0x3c6517 v16@0:4d8,0x2a48
animationTimer,setAnimationTimer:,types 0x3c6521 v12@0:4@8,0x2a44
animationTimer,stopAnimation,types 0x3c6510 v8@0:4,0x2a40
animationTimer,startAnimation,types 0x3c6510 v8@0:4,0x2a3c
animationTimer,recreateFramebuffer,types 0x3c6510 v8@0:4,0x2c84
animationTimer,destroyFramebuffer,types 0x3c6510 v8@0:4,0x39d0
animationTimer,createFramebuffer,types 0x3c652b c8@0:4,0x39e0
animationTimer,layoutSubviews,types 0x3c6510 v8@0:4,0x2a24
animationTimer,drawView,types 0x3c6510 v8@0:4,0x2a20
animationTimer,initWithFrame:,types 0x3c6532 @24@0:4{CGRect={CGPoint=ff}{CGSize=ff}}8,0x2d24
layerClass,layerClass,types 0x3c64be #8@0:4,0x2cfc
AppController,setWindow:,types 0x3c6521 v12@0:4@8,0x1d1b4
AppController,window,types 0x3c64c5 @8@0:4,0x1cff0
AppController,setGlView:,types 0x3c6521 v12@0:4@8,0x1d1e8
AppController,glView,types 0x3c64c5 @8@0:4,0x1cfdc
AppController,enterTwitter,types 0x3c6510 v8@0:4,0x1d21c
AppController,updateGLLive,types 0x3c6510 v8@0:4,0x1d288
AppController,enableOrientation,types 0x3c6510 v8@0:4,0x1d408
AppController,disbaleOrientation,types 0x3c6510 v8@0:4,0x1d4d4
AppController,statusBarOrientationLandscapeLeft,types 0x3c6510 v8@0:4,0x1d590
AppController,statusBarOrientationLandscapeRight,types 0x3c6510 v8@0:4,0x1d5cc
AppController,enabledAcceleromete,types 0x3c6510 v8@0:4,0x1d114
AppController,disabledAcceleromete,types 0x3c6510 v8@0:4,0x1d09c
AppController,showStatusBar,types 0x3c6510 v8@0:4,0x1d608
AppController,hideStatusBar,types 0x3c6510 v8@0:4,0x1d05c
AppController,updateIGP,types 0x3c6510 v8@0:4,0x1d694
AppController,deviceOrientationDidChange:,types 0x3c6521 v12@0:4@8,0x1d8d4
AppController,dealloc,types 0x3c6510 v8@0:4,0x1d994
AppController,applicationDidReceiveMemoryWarning:,types 0x3c6521 v12@0:4@8,0x1cfac
AppController,applicationWillEnterForeground:,types 0x3c6521 v12@0:4@8,0x1da18
AppController,applicationDidEnterBackground:,types 0x3c6521 v12@0:4@8,0x1dad4
AppController,applicationDidBecomeActive:,types 0x3c6521 v12@0:4@8,0x1db04
AppController,applicationWillResignActive:,types 0x3c6521 v12@0:4@8,0x1db34
AppController,applicationWillTerminate:,types 0x3c6521 v12@0:4@8,0x1db68
AppController,restartMovie,types 0x3c6510 v8@0:4,0x1db78
AppController,stopMovie,types 0x3c6510 v8@0:4,0x1db88
AppController,startMovie,types 0x3c6510 v8@0:4,0x1db98
AppController,initView,types 0x3c6510 v8@0:4,0x1dc30
AppController,applicationDidFinishLaunching:,types 0x3c6521 v12@0:4@8,0x1dc40
sharedInstance,sharedInstance,types 0x3c64c5 @8@0:4,0x1cfc8
ChangeOrientation,ChangeOrientation,types 0x3c6510 v8@0:4,0x1dc8d0
ChangeOrientation,UpdateOffY,types 0x3c6510 v8@0:4,0x1dc270
ChangeOrientation,SetMiniLabelTextOffX,types 0x3c6510 v8@0:4,0x1dc22c
ChangeOrientation,SetMiniLabelText,types 0x3c6510 v8@0:4,0x1dc758
ChangeOrientation,SetMiniLabelVisible,types 0x3c6510 v8@0:4,0x1dc1e8
ChangeOrientation,SetText,types 0x3c6510 v8@0:4,0x1dc058
ChangeOrientation,SetVisable,types 0x3c6510 v8@0:4,0x1dc178
TwitterUtilityDelegate,connection:didFailWithError:,types 0x3c64d3 v16@0:4@8@12,0x23a78c
TwitterUtilityDelegate,connectionDidFinishLoading:,types 0x3c6521 v12@0:4@8,0x23abd8
TwitterUtilityDelegate,connection:didReceiveData:,types 0x3c64d3 v16@0:4@8@12,0x23a760
TwitterUtilityDelegate,connection:didReceiveResponse:,types 0x3c64d3 v16@0:4@8@12,0x23a734
macaddress_tracking,macaddress_tracking,types 0x3c64c5 @8@0:4,0x23aa60
deviceType,deviceType,types 0x3c6661 i8@0:4,0x23f8e8
deviceType,deviceMajorModelNumber,types 0x3c6661 i8@0:4,0x23f8d4
deviceType,deviceMinorModelNumber,types 0x3c6661 i8@0:4,0x23f8c0
deviceType,isHighPerformance,types 0x3c652b c8@0:4,0x23f8a8
deviceType,isBluetoochSupport,types 0x3c652b c8@0:4,0x23f890
deviceType,isMultitaskSupport,types 0x3c652b c8@0:4,0x23f878
deviceType,isMoviePlayerViewControlerSupport,types 0x3c652b c8@0:4,0x23f860
deviceType,firmwareString,types 0x3c64c5 @8@0:4,0x23f84c
deviceType,firmwareMajorVersion,types 0x3c6661 i8@0:4,0x23f838
deviceType,firmwareMiddleVersion,types 0x3c6661 i8@0:4,0x23f824
deviceType,firmwareMinorVersion,types 0x3c6661 i8@0:4,0x23f810
deviceType,firmwareVersion,types 0x3c6661 i8@0:4,0x23f7fc
deviceType,preferredLanguage,types 0x3c64c5 @8@0:4,0x23f7e8
deviceType,screenWidth,types 0x3c6661 i8@0:4,0x23f7d4
deviceType,screenHeight,types 0x3c6661 i8@0:4,0x23f7c0
deviceType,screenScale,types 0x3c6668 f8@0:4,0x23f7ac
deviceType,deviceScreenWidth,types 0x3c6661 i8@0:4,0x23f798
deviceType,deviceScreenHeight,types 0x3c6661 i8@0:4,0x23f784
deviceType,init,types 0x3c64c5 @8@0:4,0x23fa34
platformName,platformName,types 0x3c64c5 @8@0:4,0x23f994
platformName,instance,types 0x3c64c5 @8@0:4,0x23f938
dealloc,dealloc,types 0x3c6510 v8@0:4,0x24907c
dealloc,freeMovie,types 0x3c6510 v8@0:4,0x2490d0
dealloc,shouldAutorotateToInterfaceOrientation:,types 0x3c6681 c12@0:4i8,0x248d24
dealloc,isPlaying,types 0x3c668b C8@0:4,0x2493a8
dealloc,restartMovie,types 0x3c6510 v8@0:4,0x249018
dealloc,stopMovie,types 0x3c6510 v8@0:4,0x2494a0
dealloc,playMovie,types 0x3c6510 v8@0:4,0x249598
dealloc,moviePlayBackLoadStateChanged:,types 0x3c6521 v12@0:4@8,0x248f58
dealloc,moviePlayBackStateChange:,types 0x3c6521 v12@0:4@8,0x248e04
dealloc,moviePreloadDidFinish:,types 0x3c6521 v12@0:4@8,0x248d7c
dealloc,moviePlayBackDidFinish:,types 0x3c6521 v12@0:4@8,0x248d0c
dealloc,initWithFile:,types 0x3c6692 @12@0:4@8,0x24966c
MoviePlayerViewController,shouldAutorotateToInterfaceOrientation:,types 0x3c6681 c12@0:4i8,0x249fc8
igphtmlViewController,setAddressBar:,types 0x3c6521 v12@0:4@8,0x265efc
igphtmlViewController,addressBar,types 0x3c64c5 @8@0:4,0x2632e0
igphtmlViewController,setActivityIndicator:,types 0x3c6521 v12@0:4@8,0x265f30
igphtmlViewController,activityIndicator,types 0x3c64c5 @8@0:4,0x2632cc
igphtmlViewController,setCopyResToDocumentsFolderIndicator:,types 0x3c6521 v12@0:4@8,0x265f64
igphtmlViewController,copyResToDocumentsFolderIndicator,types 0x3c64c5 @8@0:4,0x2632b8
igphtmlViewController,setM_backButton:,types 0x3c6521 v12@0:4@8,0x265f98
igphtmlViewController,m_backButton,types 0x3c64c5 @8@0:4,0x2632a4
igphtmlViewController,setIgphtml_timer:,types 0x3c6521 v12@0:4@8,0x265fcc
igphtmlViewController,igphtml_timer,types 0x3c64c5 @8@0:4,0x263290
igphtmlViewController,setUpdate_end_timer:,types 0x3c6521 v12@0:4@8,0x266000
igphtmlViewController,update_end_timer,types 0x3c64c5 @8@0:4,0x26327c
igphtmlViewController,setCheck_low_network_timer:,types 0x3c6521 v12@0:4@8,0x266034
igphtmlViewController,check_low_network_timer,types 0x3c64c5 @8@0:4,0x263268
igphtmlViewController,setRestore_web_access:,types 0x3c6521 v12@0:4@8,0x266068
igphtmlViewController,restore_web_access,types 0x3c64c5 @8@0:4,0x263254
igphtmlViewController,setCan_press_play_video_button_timer:,types 0x3c6521 v12@0:4@8,0x26609c
igphtmlViewController,can_press_play_video_button_timer,types 0x3c64c5 @8@0:4,0x263240
igphtmlViewController,makeDir::,types 0x3c64d3 v16@0:4@8@12,0x265968
igphtmlViewController,makeDirWithPath:,types 0x3c6521 v12@0:4@8,0x2650c4
igphtmlViewController,downloadResFromURL::,types 0x3c64d3 v16@0:4@8@12,0x264f60
igphtmlViewController,downloadFileWithName::::,types 0x3c6725 v24@0:4@8@12@16B20,0x264dec
igphtmlViewController,gameWasDownloaded:,types 0x3c6594 c12@0:4@8,0x264d54
igphtmlViewController,downloadGameFree:,types 0x3c6521 v12@0:4@8,0x2660d0
igphtmlViewController,downloadGamePaid:,types 0x3c6521 v12@0:4@8,0x266258
igphtmlViewController,parseResponse:,types 0x3c6521 v12@0:4@8,0x2664dc
igphtmlViewController,makeHTMLFromBoundle:,types 0x3c6521 v12@0:4@8,0x2679a4
igphtmlViewController,readHeader:::,types 0x3c6738 i20@0:4i8c12i16,0x265584
igphtmlViewController,connectionDidFinishLoading:,types 0x3c6521 v12@0:4@8,0x26323c
igphtmlViewController,connection:didReceiveData:,types 0x3c64d3 v16@0:4@8@12,0x264d24
igphtmlViewController,saveAllResToDocumentsFolder,types 0x3c6510 v8@0:4,0x2684a0
igphtmlViewController,getDefaultDocumentsPath,types 0x3c6510 v8@0:4,0x268904
igphtmlViewController,checkForNetworkAvailability,types 0x3c6661 i8@0:4,0x268ca0
igphtmlViewController,getUpdateLinkAddress,types 0x3c6510 v8@0:4,0x268d8c
igphtmlViewController,getIgpHtmlLink,types 0x3c6510 v8@0:4,0x2690a4
igphtmlViewController,quitIgpHtml,types 0x3c6510 v8@0:4,0x2653e8
igphtmlViewController,createMMButtons,types 0x3c6510 v8@0:4,0x264bb0
igphtmlViewController,removeAllWidgetsFromSuperview,types 0x3c6510 v8@0:4,0x264a48
igphtmlViewController,netErrorMethod:,types 0x3c6521 v12@0:4@8,0x2652cc
igphtmlViewController,webView:didFailWithError:,types 0x3c64d3 v16@0:4@8@12,0x265254
igphtmlViewController,showAlertWhenNetworkDown,types 0x3c6510 v8@0:4,0x264944
igphtmlViewController,webViewDidFinishLoad:,types 0x3c6521 v12@0:4@8,0x264634
igphtmlViewController,webViewDidStartLoad:,types 0x3c6521 v12@0:4@8,0x2645cc
igphtmlViewController,findButtonInView:,types 0x3c6692 @12@0:4@8,0x26913c
igphtmlViewController,gotoAddress:,types 0x3c6521 v12@0:4@8,0x264510
igphtmlViewController,goForward:,types 0x3c6521 v12@0:4@8,0x2644e4
igphtmlViewController,goBack:,types 0x3c6521 v12@0:4@8,0x2644b8
igphtmlViewController,webView:shouldStartLoadWithRequest:navigationType:,types 0x3c66b4 c20@0:4@8@12i16,0x263f48
igphtmlViewController,stopWebView,types 0x3c6510 v8@0:4,0x263238
igphtmlViewController,restoreWebAccessMethod:,types 0x3c6521 v12@0:4@8,0x263ee0
igphtmlViewController,viewDidAppear,types 0x3c6510 v8@0:4,0x269300
igphtmlViewController,startUpdateHTML,types 0x3c6510 v8@0:4,0x265108
igphtmlViewController,keyboardWillHide:,types 0x3c6521 v12@0:4@8,0x263220
igphtmlViewController,keyboardWillShow:,types 0x3c6521 v12@0:4@8,0x263208
igphtmlViewController,startIgpHtml,types 0x3c6510 v8@0:4,0x2693f0
igphtmlViewController,verifySaveDone:,types 0x3c6521 v12@0:4@8,0x263e3c
igphtmlViewController,verifyUpdateDesignEnded:,types 0x3c6521 v12@0:4@8,0x263d24
igphtmlViewController,setNetworkToLoConnectionStatus:,types 0x3c6521 v12@0:4@8,0x263c98
igphtmlViewController,startIgpHtmlWithLanguage:,types 0x3c6748 v12@0:4i8,0x263954
igphtmlViewController,startIgpHtmlUsingMMButton:,types 0x3c6521 v12@0:4@8,0x263804
igphtmlViewController,igpHtmlInit,types 0x3c6510 v8@0:4,0x263664
igphtmlViewController,startCheckNetworkConnectionStatusThread,types 0x3c6510 v8@0:4,0x263634
igphtmlViewController,checkNet,types 0x3c6510 v8@0:4,0x26354c
igphtmlViewController,loadView,types 0x3c6510 v8@0:4,0x263324
igphtmlViewController,touchYoutubeMoviePlayButton:,types 0x3c6521 v12@0:4@8,0x2632f4
igphtmlViewController,refreshWebView,types 0x3c6510 v8@0:4,0x265a38
macaddress_tracking,macaddress_tracking,types 0x3c64c5 @8@0:4,0x265d84
sendInfoInterface,connection:didFailWithError:,types 0x3c64d3 v16@0:4@8@12,0x26b0ec
sendInfoInterface,connectionDidFinishLoading:,types 0x3c6521 v12@0:4@8,0x26afc4
sendInfoInterface,connection:didReceiveData:,types 0x3c64d3 v16@0:4@8@12,0x26a37c
sendInfoInterface,encodeBase64WithData_TRACKING:,types 0x3c6692 @12@0:4@8,0x26a640
sendInfoInterface,EncryptAES_TRACKING::,types 0x3c681d @16@0:4@8@12,0x26a530
sendInfoInterface,getProfile,types 0x3c6510 v8@0:4,0x26b87c
sendInfoInterface,macaddress_tracking,types 0x3c64c5 @8@0:4,0x26a3b8
sendInfoInterface,sendInfo,types 0x3c6510 v8@0:4,0x26b414
sendInfoInterface,IGPSendGameInfo::::,types 0x3c682a v24@0:4i8*12@16B20,0x26bd64
ChooseAvatarViewController,setAvatarImageView:,types 0x3c6521 v12@0:4@8,0x34ae79
ChooseAvatarViewController,avatarImageView,types 0x3c64c5 @8@0:4,0x34a4d9
ChooseAvatarViewController,setImagePickerController:,types 0x3c6521 v12@0:4@8,0x34aea1
ChooseAvatarViewController,imagePickerController,types 0x3c64c5 @8@0:4,0x34a4c9
ChooseAvatarViewController,setMakePhoto:,types 0x3c6851 v12@0:4c8,0x34a4b9
ChooseAvatarViewController,makePhoto,types 0x3c652b c8@0:4,0x34a4a9
ChooseAvatarViewController,setReceivedData:,types 0x3c6521 v12@0:4@8,0x34aec9
ChooseAvatarViewController,receivedData,types 0x3c64c5 @8@0:4,0x34a499
ChooseAvatarViewController,setMyImage:,types 0x3c6521 v12@0:4@8,0x34aef1
ChooseAvatarViewController,myImage,types 0x3c64c5 @8@0:4,0x34a489
ChooseAvatarViewController,dealloc,types 0x3c6510 v8@0:4,0x34af19
ChooseAvatarViewController,viewDidUnload,types 0x3c6510 v8@0:4,0x34a485
ChooseAvatarViewController,didReceiveMemoryWarning,types 0x3c6510 v8@0:4,0x34afad
ChooseAvatarViewController,viewDidLoad,types 0x3c6510 v8@0:4,0x34afd9
ChooseAvatarViewController,loadView,types 0x3c6510 v8@0:4,0x34aa49
ChooseAvatarViewController,connectionDidFinishLoading:,types 0x3c6521 v12@0:4@8,0x34a959
ChooseAvatarViewController,connection:didReceiveData:,types 0x3c64d3 v16@0:4@8@12,0x34a92d
ChooseAvatarViewController,imagePickerControllerDidCancel:,types 0x3c6521 v12@0:4@8,0x34a7a9
ChooseAvatarViewController,imagePickerController:didFinishPickingImage:editingInfo:,types 0x3c6b32 v20@0:4@8@12@16,0x34aafd
ChooseAvatarViewController,startPhotoLibraryPiker:doPhoto:,types 0x3c6b42 c16@0:4@8c12,0x34a4e9
ChooseAvatarViewController,UIImageToPNGBuffer:,types 0x3c6521 v12@0:4@8,0x34acc9
ChooseAvatarViewController,UIImageToPNGBuffer:ppBuf:lenght:,types 0x3c6b00 v20@0:4@8^*12^i16,0x34ad5d
ChooseAvatarViewController,ResizeImage:iWidth:iHeight:,types 0x3c6b12 @20@0:4@8i12i16,0x34adb1
FaceBookFriendsTableViewController,setListOfItems:,types 0x3c6521 v12@0:4@8,0x34c3bd
FaceBookFriendsTableViewController,listOfItems,types 0x3c64c5 @8@0:4,0x34b0c5
FaceBookFriendsTableViewController,setMySearchBar:,types 0x3c6521 v12@0:4@8,0x34c3e5
FaceBookFriendsTableViewController,mySearchBar,types 0x3c64c5 @8@0:4,0x34b0b5
FaceBookFriendsTableViewController,setMyTableView:,types 0x3c6521 v12@0:4@8,0x34c40d
FaceBookFriendsTableViewController,myTableView,types 0x3c64c5 @8@0:4,0x34b0a5
FaceBookFriendsTableViewController,setTableData:,types 0x3c6521 v12@0:4@8,0x34c435
FaceBookFriendsTableViewController,tableData,types 0x3c64c5 @8@0:4,0x34b095
FaceBookFriendsTableViewController,setSelectedItems:,types 0x3c6521 v12@0:4@8,0x34c45d
FaceBookFriendsTableViewController,selectedItems,types 0x3c64c5 @8@0:4,0x34b085
FaceBookFriendsTableViewController,setCheckBoxImage:,types 0x3c6521 v12@0:4@8,0x34c485
FaceBookFriendsTableViewController,checkBoxImage,types 0x3c64c5 @8@0:4,0x34b075
FaceBookFriendsTableViewController,setAlphabet:,types 0x3c6521 v12@0:4@8,0x34c4ad
FaceBookFriendsTableViewController,alphabet,types 0x3c64c5 @8@0:4,0x34b065
FaceBookFriendsTableViewController,setListOfItemsBySections:,types 0x3c6521 v12@0:4@8,0x34c4d5
FaceBookFriendsTableViewController,listOfItemsBySections,types 0x3c64c5 @8@0:4,0x34b055
FaceBookFriendsTableViewController,setOvController:,types 0x3c6521 v12@0:4@8,0x34c4fd
FaceBookFriendsTableViewController,ovController,types 0x3c64c5 @8@0:4,0x34b045
FaceBookFriendsTableViewController,dealloc,types 0x3c6510 v8@0:4,0x34c525
FaceBookFriendsTableViewController,searchBarCancelButtonClicked:,types 0x3c6521 v12@0:4@8,0x34c69d
FaceBookFriendsTableViewController,searchBar:textDidChange:,types 0x3c64d3 v16@0:4@8@12,0x34c089
FaceBookFriendsTableViewController,searchBarTextDidEndEditing:,types 0x3c6521 v12@0:4@8,0x34b645
FaceBookFriendsTableViewController,searchBarTextDidBeginEditing:,types 0x3c6521 v12@0:4@8,0x34be91
FaceBookFriendsTableViewController,tableView:willSelectRowAtIndexPath:,types 0x3c681d @16@0:4@8@12,0x34b02d
FaceBookFriendsTableViewController,tableView:titleForHeaderInSection:,types 0x3c6a94 @16@0:4@8i12,0x34b601
FaceBookFriendsTableViewController,sectionIndexTitlesForTableView:,types 0x3c6692 @12@0:4@8,0x34b009
FaceBookFriendsTableViewController,tableView:didSelectRowAtIndexPath:,types 0x3c64d3 v16@0:4@8@12,0x34b005
FaceBookFriendsTableViewController,tableView:cellForRowAtIndexPath:,types 0x3c681d @16@0:4@8@12,0x34b1a1
FaceBookFriendsTableViewController,tableView:numberOfRowsInSection:,types 0x3c6aa1 i16@0:4@8i12,0x34b139
FaceBookFriendsTableViewController,numberOfSectionsInTableView:,types 0x3c6aae i12@0:4@8,0x34b0fd
FaceBookFriendsTableViewController,didReceiveMemoryWarning,types 0x3c6510 v8@0:4,0x34c895
FaceBookFriendsTableViewController,goBack:,types 0x3c6521 v12@0:4@8,0x34b0d5
FaceBookFriendsTableViewController,viewDidLoad,types 0x3c6510 v8@0:4,0x34c391
FaceBookFriendsTableViewController,loadView,types 0x3c6510 v8@0:4,0x34b6b9
FaceBookSessionViewController,set_label:,types 0x3c6521 v12@0:4@8,0x34ebad
FaceBookSessionViewController,_label,types 0x3c64c5 @8@0:4,0x34c9f5
FaceBookSessionViewController,set_permissionButton:,types 0x3c6521 v12@0:4@8,0x34ebd5
FaceBookSessionViewController,_permissionButton,types 0x3c64c5 @8@0:4,0x34c9e5
FaceBookSessionViewController,set_feedButton:,types 0x3c6521 v12@0:4@8,0x34ebfd
FaceBookSessionViewController,_feedButton,types 0x3c64c5 @8@0:4,0x34c9d5
FaceBookSessionViewController,set_statusButton:,types 0x3c6521 v12@0:4@8,0x34ec25
FaceBookSessionViewController,_statusButton,types 0x3c64c5 @8@0:4,0x34c9c5
FaceBookSessionViewController,set_photoButton:,types 0x3c6521 v12@0:4@8,0x34ec4d
FaceBookSessionViewController,_photoButton,types 0x3c64c5 @8@0:4,0x34c9b5
FaceBookSessionViewController,set_loginButton:,types 0x3c6521 v12@0:4@8,0x34ec75
FaceBookSessionViewController,_loginButton,types 0x3c64c5 @8@0:4,0x34c9a5
FaceBookSessionViewController,setFacebookFriends:,types 0x3c6521 v12@0:4@8,0x34ec9d
FaceBookSessionViewController,facebookFriends,types 0x3c64c5 @8@0:4,0x34c995
FaceBookSessionViewController,set_back:,types 0x3c6521 v12@0:4@8,0x34ecc5
FaceBookSessionViewController,_back,types 0x3c64c5 @8@0:4,0x34c985
FaceBookSessionViewController,setM_bIsLoggedIn:,types 0x3c6851 v12@0:4c8,0x34c975
FaceBookSessionViewController,m_bIsLoggedIn,types 0x3c652b c8@0:4,0x34c965
FaceBookSessionViewController,setM_bSearchFriends:,types 0x3c6851 v12@0:4c8,0x34c955
FaceBookSessionViewController,m_bSearchFriends,types 0x3c652b c8@0:4,0x34c945
FaceBookSessionViewController,set_session:,types 0x3c6521 v12@0:4@8,0x34eced
FaceBookSessionViewController,_session,types 0x3c64c5 @8@0:4,0x34c935
FaceBookSessionViewController,setM_bSetStatus:,types 0x3c6851 v12@0:4c8,0x34c925
FaceBookSessionViewController,m_bSetStatus,types 0x3c652b c8@0:4,0x34c915
FaceBookSessionViewController,setStatusString:,types 0x3c6521 v12@0:4@8,0x34ed15
FaceBookSessionViewController,statusString,types 0x3c64c5 @8@0:4,0x34c905
FaceBookSessionViewController,setM_bLogin:,types 0x3c6851 v12@0:4c8,0x34c8f5
FaceBookSessionViewController,m_bLogin,types 0x3c652b c8@0:4,0x34c8e5
FaceBookSessionViewController,setM_bLogout:,types 0x3c6851 v12@0:4c8,0x34c8d5
FaceBookSessionViewController,m_bLogout,types 0x3c652b c8@0:4,0x34c8c5
FaceBookSessionViewController,back:,types 0x3c6521 v12@0:4@8,0x34eb19
FaceBookSessionViewController,stopActivityIndicator,types 0x3c6510 v8@0:4,0x34eacd
FaceBookSessionViewController,startActivityIndicator,types 0x3c6510 v8@0:4,0x34ea81
FaceBookSessionViewController,getFriendsInfo,types 0x3c6510 v8@0:4,0x34e921
FaceBookSessionViewController,getFriendsIds,types 0x3c6510 v8@0:4,0x34e8cd
FaceBookSessionViewController,uploadPhoto:,types 0x3c6521 v12@0:4@8,0x34e76d
FaceBookSessionViewController,setStatus:,types 0x3c6521 v12@0:4@8,0x34e671
FaceBookSessionViewController,revoke:,types 0x3c6521 v12@0:4@8,0x34e5dd
FaceBookSessionViewController,askForStatusPermission:,types 0x3c6521 v12@0:4@8,0x34e549
FaceBookSessionViewController,publishFeed:,types 0x3c6521 v12@0:4@8,0x34e425
FaceBookSessionViewController,askPermission:,types 0x3c6521 v12@0:4@8,0x34e38d
FaceBookSessionViewController,request:didFailWithError:,types 0x3c64d3 v16@0:4@8@12,0x34e28d
FaceBookSessionViewController,request:didLoad:,types 0x3c64d3 v16@0:4@8@12,0x34d9c9
FaceBookSessionViewController,sessionDidLogout:,types 0x3c6521 v12@0:4@8,0x34d83d
FaceBookSessionViewController,sessionDidNotLogin:,types 0x3c6521 v12@0:4@8,0x34d7a5
FaceBookSessionViewController,session:didLogin:,types 0x3c6a69 v20@0:4@8Q12,0x34d5c5
FaceBookSessionViewController,dialog:didFailWithError:,types 0x3c64d3 v16@0:4@8@12,0x34d525
FaceBookSessionViewController,dealloc,types 0x3c6510 v8@0:4,0x34ed3d
FaceBookSessionViewController,viewDidUnload,types 0x3c6510 v8@0:4,0x34c8c1
FaceBookSessionViewController,didReceiveMemoryWarning,types 0x3c6510 v8@0:4,0x34ee65
FaceBookSessionViewController,viewDidLoad,types 0x3c6510 v8@0:4,0x34eb41
FaceBookSessionViewController,initView,types 0x3c6510 v8@0:4,0x34d359
FaceBookSessionViewController,loadView,types 0x3c6510 v8@0:4,0x34ca05
FaceBookSessionViewController,session:didLogin:,types 0x3c6a69 v20@0:4@8Q12,0x0
FaceBookSessionViewController,session:didLogin:,types 0x3c6a69 v20@0:4@8Q12,0x0
FaceBookUsersFields,setFbuid:,types 0x3c6521 v12@0:4@8,0x34efed
FaceBookUsersFields,fbuid,types 0x3c64c5 @8@0:4,0x34ef15
FaceBookUsersFields,setUrlToPicture:,types 0x3c6521 v12@0:4@8,0x34f011
FaceBookUsersFields,urlToPicture,types 0x3c64c5 @8@0:4,0x34ef05
FaceBookUsersFields,setName:,types 0x3c6521 v12@0:4@8,0x34f035
FaceBookUsersFields,name,types 0x3c64c5 @8@0:4,0x34eef5
FaceBookUsersFields,setEmail:,types 0x3c6521 v12@0:4@8,0x34f059
FaceBookUsersFields,email,types 0x3c64c5 @8@0:4,0x34eee5
FaceBookUsersFields,setPictureImage:,types 0x3c6521 v12@0:4@8,0x34f07d
FaceBookUsersFields,pictureImage,types 0x3c64c5 @8@0:4,0x34eed5
FaceBookUsersFields,dealloc,types 0x3c6510 v8@0:4,0x34ef25
gliveViewController,setActivityIndicator:,types 0x3c6521 v12@0:4@8,0x351d71
gliveViewController,activityIndicator,types 0x3c64c5 @8@0:4,0x34f465
gliveViewController,setM_closeButton:,types 0x3c6521 v12@0:4@8,0x351d99
gliveViewController,m_closeButton,types 0x3c64c5 @8@0:4,0x34f455
gliveViewController,setM_backButton:,types 0x3c6521 v12@0:4@8,0x351dc1
gliveViewController,m_backButton,types 0x3c64c5 @8@0:4,0x34f445
gliveViewController,setSelectedImage:,types 0x3c6521 v12@0:4@8,0x351de9
gliveViewController,selectedImage,types 0x3c64c5 @8@0:4,0x34f435
gliveViewController,setUnselectedImage:,types 0x3c6521 v12@0:4@8,0x351e11
gliveViewController,unselectedImage,types 0x3c64c5 @8@0:4,0x34f425
gliveViewController,setM_inboxButton:,types 0x3c6521 v12@0:4@8,0x351e39
gliveViewController,m_inboxButton,types 0x3c64c5 @8@0:4,0x34f415
gliveViewController,setM_friendsButton:,types 0x3c6521 v12@0:4@8,0x351e61
gliveViewController,m_friendsButton,types 0x3c64c5 @8@0:4,0x34f405
gliveViewController,setM_gamesButton:,types 0x3c6521 v12@0:4@8,0x351e89
gliveViewController,m_gamesButton,types 0x3c64c5 @8@0:4,0x34f3f5
gliveViewController,setM_homeButton:,types 0x3c6521 v12@0:4@8,0x351eb1
gliveViewController,m_homeButton,types 0x3c64c5 @8@0:4,0x34f3e5
gliveViewController,setM_EditButton:,types 0x3c6521 v12@0:4@8,0x351ed9
gliveViewController,m_EditButton,types 0x3c64c5 @8@0:4,0x34f3d5
gliveViewController,setM_EditLabel:,types 0x3c6521 v12@0:4@8,0x351f01
gliveViewController,m_EditLabel,types 0x3c64c5 @8@0:4,0x34f3c5
gliveViewController,setM_AddFriends:,types 0x3c6521 v12@0:4@8,0x351f29
gliveViewController,m_AddFriends,types 0x3c64c5 @8@0:4,0x34f3b5
gliveViewController,setM_infoButton:,types 0x3c6521 v12@0:4@8,0x351f51
gliveViewController,m_infoButton,types 0x3c64c5 @8@0:4,0x34f3a5
gliveViewController,setM_NewMessage:,types 0x3c6521 v12@0:4@8,0x351f79
gliveViewController,m_NewMessage,types 0x3c64c5 @8@0:4,0x34f395
gliveViewController,setBlankView:,types 0x3c6521 v12@0:4@8,0x351fa1
gliveViewController,blankView,types 0x3c64c5 @8@0:4,0x34f385
gliveViewController,setAvatarViewController:,types 0x3c6521 v12@0:4@8,0x351fc9
gliveViewController,avatarViewController,types 0x3c64c5 @8@0:4,0x34f375
gliveViewController,setSendMailViewController:,types 0x3c6521 v12@0:4@8,0x351ff1
gliveViewController,sendMailViewController,types 0x3c64c5 @8@0:4,0x34f365
gliveViewController,setSmsController:,types 0x3c6521 v12@0:4@8,0x352019
gliveViewController,smsController,types 0x3c64c5 @8@0:4,0x34f355
gliveViewController,setFaceBookViewController:,types 0x3c6521 v12@0:4@8,0x352041
gliveViewController,faceBookViewController,types 0x3c64c5 @8@0:4,0x34f345
gliveViewController,setInteractViewController:,types 0x3c6521 v12@0:4@8,0x352069
gliveViewController,interactViewController,types 0x3c64c5 @8@0:4,0x34f335
gliveViewController,setM_interactFriendButton:,types 0x3c6521 v12@0:4@8,0x352091
gliveViewController,m_interactFriendButton,types 0x3c64c5 @8@0:4,0x34f325
gliveViewController,setFacebookFriendsTableView:,types 0x3c6521 v12@0:4@8,0x3520b9
gliveViewController,facebookFriendsTableView,types 0x3c64c5 @8@0:4,0x34f315
gliveViewController,setWebViews:,types 0x3c6521 v12@0:4@8,0x3520e1
gliveViewController,webViews,types 0x3c64c5 @8@0:4,0x34f305
gliveViewController,setWebPagesTitles:,types 0x3c6521 v12@0:4@8,0x352109
gliveViewController,webPagesTitles,types 0x3c64c5 @8@0:4,0x34f2f5
gliveViewController,setM_contentView:,types 0x3c6521 v12@0:4@8,0x352131
gliveViewController,m_contentView,types 0x3c64c5 @8@0:4,0x34f2e5
gliveViewController,setM_recommendGameButton:,types 0x3c6521 v12@0:4@8,0x352159
gliveViewController,m_recommendGameButton,types 0x3c64c5 @8@0:4,0x34f2d5
gliveViewController,setGlive_timer:,types 0x3c6521 v12@0:4@8,0x352181
gliveViewController,glive_timer,types 0x3c64c5 @8@0:4,0x34f2c5
gliveViewController,setConnectionTimer:,types 0x3c6521 v12@0:4@8,0x3521a9
gliveViewController,connectionTimer,types 0x3c64c5 @8@0:4,0x34f2b5
gliveViewController,setCheckForPopupMessagesTimer:,types 0x3c6521 v12@0:4@8,0x3521d1
gliveViewController,checkForPopupMessagesTimer,types 0x3c64c5 @8@0:4,0x34f2a5
gliveViewController,setPopup_animTimer:,types 0x3c6521 v12@0:4@8,0x3521f9
gliveViewController,popup_animTimer,types 0x3c64c5 @8@0:4,0x34f295
gliveViewController,setPopup_waitingMessageTimer:,types 0x3c6521 v12@0:4@8,0x352221
gliveViewController,popup_waitingMessageTimer,types 0x3c64c5 @8@0:4,0x34f285
gliveViewController,setActivityNotificationTimer:,types 0x3c6521 v12@0:4@8,0x352249
gliveViewController,activityNotificationTimer,types 0x3c64c5 @8@0:4,0x34f275
gliveViewController,setBrowser_haveActivity:,types 0x3c6851 v12@0:4c8,0x34f265
gliveViewController,browser_haveActivity,types 0x3c652b c8@0:4,0x34f255
gliveViewController,setReceivedData:,types 0x3c6521 v12@0:4@8,0x352271
gliveViewController,receivedData,types 0x3c64c5 @8@0:4,0x34f245
gliveViewController,setFakeWebView:,types 0x3c6521 v12@0:4@8,0x352299
gliveViewController,fakeWebView,types 0x3c64c5 @8@0:4,0x34f235
gliveViewController,setNTransition:,types 0x3c6748 v12@0:4i8,0x34f225
gliveViewController,nTransition,types 0x3c6661 i8@0:4,0x34f215
gliveViewController,setNPagesToRemove:,types 0x3c6748 v12@0:4i8,0x34f205
gliveViewController,nPagesToRemove,types 0x3c6661 i8@0:4,0x34f1f5
gliveViewController,setInboxBadge:,types 0x3c6521 v12@0:4@8,0x3522c1
gliveViewController,inboxBadge,types 0x3c64c5 @8@0:4,0x34f1e5
gliveViewController,setFriendsBadge:,types 0x3c6521 v12@0:4@8,0x3522e9
gliveViewController,friendsBadge,types 0x3c64c5 @8@0:4,0x34f1d5
gliveViewController,setGamesBadge:,types 0x3c6521 v12@0:4@8,0x352311
gliveViewController,gamesBadge,types 0x3c64c5 @8@0:4,0x34f1c5
gliveViewController,setSaveFileName:,types 0x3c6521 v12@0:4@8,0x352339
gliveViewController,saveFileName,types 0x3c64c5 @8@0:4,0x34f1b5
gliveViewController,setDeviceToken:,types 0x3c6521 v12@0:4@8,0x35235d
gliveViewController,deviceToken,types 0x3c64c5 @8@0:4,0x34f1a5
gliveViewController,setMPassword:,types 0x3c6521 v12@0:4@8,0x352381
gliveViewController,mPassword,types 0x3c64c5 @8@0:4,0x34f195
gliveViewController,setMUsername:,types 0x3c6521 v12@0:4@8,0x3523a5
gliveViewController,mUsername,types 0x3c64c5 @8@0:4,0x34f185
gliveViewController,setBAutologin:,types 0x3c6851 v12@0:4c8,0x34f175
gliveViewController,bAutologin,types 0x3c652b c8@0:4,0x34f165
gliveViewController,setBNoBackground:,types 0x3c6851 v12@0:4c8,0x34f155
gliveViewController,bNoBackground,types 0x3c652b c8@0:4,0x34f145
gliveViewController,autorelease,types 0x3c64c5 @8@0:4,0x34f141
gliveViewController,release,types 0x3c6510 v8@0:4,0x34f13d
gliveViewController,retainCount,types 0x3c657b I8@0:4,0x34f135
gliveViewController,retain,types 0x3c64c5 @8@0:4,0x34f131
gliveViewController,copyWithZone:,types 0x3c683d @12@0:4^{_NSZone=}8,0x34f12d
gliveViewController,isFW3,types 0x3c685b B8@0:4,0x3523c9
gliveViewController,reloadHomePage,types 0x3c6510 v8@0:4,0x352429
gliveViewController,downloadSaveFile:,types 0x3c6521 v12@0:4@8,0x35244d
gliveViewController,uploadSaveFile:,types 0x3c6521 v12@0:4@8,0x352471
gliveViewController,isInGLive,types 0x3c685b B8@0:4,0x34f11d
gliveViewController,releaseAllObjectsFromSuperview,types 0x3c6510 v8@0:4,0x352495
gliveViewController,connectionDidFinishLoading:,types 0x3c6521 v12@0:4@8,0x352e4d
gliveViewController,connection:didReceiveData:,types 0x3c64d3 v16@0:4@8@12,0x352ec9
gliveViewController,SaveUserInfo:::,types 0x3c6862 B20@0:4B8r*12r*16,0x352ef5
gliveViewController,ReadUserInfo::::,types 0x3c6874 B24@0:4*8i12*16i20,0x352fb1
gliveViewController,NotifyTrophy:,types 0x3c6748 v12@0:4i8,0x353075
gliveViewController,reloadCurrentWebView,types 0x3c6510 v8@0:4,0x353125
gliveViewController,reloadPage,types 0x3c6510 v8@0:4,0x353185
gliveViewController,showAlert:,types 0x3c6521 v12@0:4@8,0x3531cd
gliveViewController,startAlert:,types 0x3c6521 v12@0:4@8,0x353251
gliveViewController,endUploadingPhoto,types 0x3c6510 v8@0:4,0x35329d
gliveViewController,startUploadingPhoto,types 0x3c6510 v8@0:4,0x353309
gliveViewController,sendForSearchFacebookData:,types 0x3c6521 v12@0:4@8,0x3533c9
gliveViewController,gotoUrlForSaveFacebookData::,types 0x3c64d3 v16@0:4@8@12,0x3535e5
gliveViewController,sendForSaveFacebookDataFromAutoLogin::,types 0x3c64d3 v16@0:4@8@12,0x353725
gliveViewController,sendForSaveFacebookData::,types 0x3c64d3 v16@0:4@8@12,0x3516c5
gliveViewController,sendMails,types 0x3c6510 v8@0:4,0x353925
gliveViewController,loadImageFromRes:,types 0x3c6692 @12@0:4@8,0x353c31
gliveViewController,quitGLIVE:,types 0x3c6521 v12@0:4@8,0x3516ad
gliveViewController,resetButtonsImage:,types 0x3c6748 v12@0:4i8,0x351539
gliveViewController,footerActionMethod:,types 0x3c6521 v12@0:4@8,0x353d01
gliveViewController,recommendGame:,types 0x3c6521 v12@0:4@8,0x3513a5
gliveViewController,friendInteract:,types 0x3c6521 v12@0:4@8,0x351171
gliveViewController,viewFacebookFriends:,types 0x3c6521 v12@0:4@8,0x350ef9
gliveViewController,getFacebookFriends,types 0x3c6510 v8@0:4,0x350dc9
gliveViewController,setFaceBookStatus:,types 0x3c6521 v12@0:4@8,0x350c69
gliveViewController,facebookLogin:,types 0x3c6887 v12@0:4B8,0x3509d9
gliveViewController,sendNewMessageWithText:,types 0x3c6521 v12@0:4@8,0x3507d1
gliveViewController,sendNewMessageToFriend::,types 0x3c64d3 v16@0:4@8@12,0x350575
gliveViewController,sendMail:gameid:url:,types 0x3c6891 v20@0:4c8@12@16,0x350369
gliveViewController,sendMail:,types 0x3c6851 v12@0:4c8,0x3501bd
gliveViewController,sendNewMessage:,types 0x3c6521 v12@0:4@8,0x350009
gliveViewController,openLink:,types 0x3c6521 v12@0:4@8,0x34fed1
gliveViewController,showHTTPNotConnected:,types 0x3c6521 v12@0:4@8,0x34fe15
gliveViewController,showHTTPErrorConnection:,types 0x3c6521 v12@0:4@8,0x34fd4d
gliveViewController,webView:didFailWithError:,types 0x3c64d3 v16@0:4@8@12,0x3543f1
gliveViewController,webViewDidFinishLoad:,types 0x3c6521 v12@0:4@8,0x354449
gliveViewController,webViewDidStartLoad:,types 0x3c6521 v12@0:4@8,0x35502d
gliveViewController,stopActivityTimer,types 0x3c6510 v8@0:4,0x34fd11
gliveViewController,startActivityTimer,types 0x3c6510 v8@0:4,0x34fcc1
gliveViewController,startActivityNotificationMethod:,types 0x3c6521 v12@0:4@8,0x34fc89
gliveViewController,gotoAddress:,types 0x3c6521 v12@0:4@8,0x34f119
gliveViewController,goForward:,types 0x3c6521 v12@0:4@8,0x34f115
gliveViewController,goBack:,types 0x3c6521 v12@0:4@8,0x3554b1
gliveViewController,webView:shouldStartLoadWithRequest:navigationType:,types 0x3c66b4 c20@0:4@8@12i16,0x355cad
gliveViewController,gotoUrlAddress:,types 0x3c6851 v12@0:4c8,0x34f7dd
gliveViewController,viewDidAppear,types 0x3c6510 v8@0:4,0x3569e9
gliveViewController,startGLIVE:::::goToAddFriends:,types 0x3c68a1 v32@0:4i8@12@16@20B24B28,0x356aa9
gliveViewController,startGLIVE:::::,types 0x3c68ba v28@0:4i8@12@16@20B24,0x34f7a9
gliveViewController,startGLIVE::::,types 0x3c68d0 v24@0:4i8@12@16@20,0x34f77d
gliveViewController,startGLIVE:::,types 0x3c68e3 v20@0:4i8@12@16,0x34f751
gliveViewController,startGLLiveManager,types 0x3c6510 v8@0:4,0x359799
gliveViewController,startThread,types 0x3c6510 v8@0:4,0x35987d
gliveViewController,getNextPopupMessage,types 0x3c6510 v8@0:4,0x35988d
gliveViewController,popupShowMessageTimeExpireMethod:,types 0x3c6521 v12@0:4@8,0x34f0bd
gliveViewController,touchesBegan:withEvent:,types 0x3c64d3 v16@0:4@8@12,0x34f0a5
gliveViewController,updatePopupMethod:,types 0x3c6521 v12@0:4@8,0x359ad5
gliveViewController,checkForPopupNewMessagesMethod:,types 0x3c6521 v12@0:4@8,0x34f5d1
gliveViewController,initAndPreparePopupMessages,types 0x3c6510 v8@0:4,0x34f511
gliveViewController,loadView,types 0x3c6510 v8@0:4,0x34f475
gliveViewController,allocWithZone:,types 0x3c683d @12@0:4^{_NSZone=}8,0x3518c5
gliveViewController,sharedSingleton,types 0x3c64c5 @8@0:4,0x3519a1
gliveViewController,macaddress,types 0x3c64c5 @8@0:4,0x351a75
gliveViewController,encodeBase64WithData:,types 0x3c6692 @12@0:4@8,0x351b7d
gliveViewController,EncryptAES::,types 0x3c681d @16@0:4@8@12,0x351cad
InteractViewController,setInteractActionSheet:,types 0x3c6521 v12@0:4@8,0x35c425
InteractViewController,interactActionSheet,types 0x3c64c5 @8@0:4,0x35af19
InteractViewController,setShowInteractActionSheetButton:,types 0x3c6521 v12@0:4@8,0x35c44d
InteractViewController,showInteractActionSheetButton,types 0x3c64c5 @8@0:4,0x35af09
InteractViewController,setBack:,types 0x3c6521 v12@0:4@8,0x35c475
InteractViewController,back,types 0x3c64c5 @8@0:4,0x35aef9
InteractViewController,setNavigationBar:,types 0x3c6521 v12@0:4@8,0x35c49d
InteractViewController,navigationBar,types 0x3c64c5 @8@0:4,0x35aee9
InteractViewController,setTableController:,types 0x3c6521 v12@0:4@8,0x35c4c5
InteractViewController,tableController,types 0x3c64c5 @8@0:4,0x35aed9
InteractViewController,setCancelSelectBarButton:,types 0x3c6521 v12@0:4@8,0x35c4ed
InteractViewController,cancelSelectBarButton,types 0x3c64c5 @8@0:4,0x35aec9
InteractViewController,setDoneSelectBarButton:,types 0x3c6521 v12@0:4@8,0x35c515
InteractViewController,doneSelectBarButton,types 0x3c64c5 @8@0:4,0x35aeb9
InteractViewController,setUserIdString:,types 0x3c6521 v12@0:4@8,0x35c53d
InteractViewController,userIdString,types 0x3c64c5 @8@0:4,0x35aea9
InteractViewController,setUserNameString:,types 0x3c6521 v12@0:4@8,0x35c565
InteractViewController,userNameString,types 0x3c64c5 @8@0:4,0x35ae99
InteractViewController,setBRecommendGame:,types 0x3c6851 v12@0:4c8,0x35ae89
InteractViewController,bRecommendGame,types 0x3c652b c8@0:4,0x35ae79
InteractViewController,setBInteractFriend:,types 0x3c6851 v12@0:4c8,0x35ae69
InteractViewController,bInteractFriend,types 0x3c652b c8@0:4,0x35ae59
InteractViewController,setBIsFriend:,types 0x3c6851 v12@0:4c8,0x35ae49
InteractViewController,bIsFriend,types 0x3c652b c8@0:4,0x35ae39
InteractViewController,setBShowAddFriend:,types 0x3c6851 v12@0:4c8,0x35ae29
InteractViewController,bShowAddFriend,types 0x3c652b c8@0:4,0x35ae19
InteractViewController,setIGameid:,types 0x3c6521 v12@0:4@8,0x35c58d
InteractViewController,iGameid,types 0x3c64c5 @8@0:4,0x35ae09
InteractViewController,setSGameName:,types 0x3c6521 v12@0:4@8,0x35c5b5
InteractViewController,sGameName,types 0x3c64c5 @8@0:4,0x35adf9
InteractViewController,setSMessage:,types 0x3c6521 v12@0:4@8,0x35c5dd
InteractViewController,sMessage,types 0x3c64c5 @8@0:4,0x35ade9
InteractViewController,setBShowRate:,types 0x3c6851 v12@0:4c8,0x35add9
InteractViewController,bShowRate,types 0x3c652b c8@0:4,0x35adc9
InteractViewController,dealloc,types 0x3c6510 v8@0:4,0x35c605
InteractViewController,viewDidUnload,types 0x3c6510 v8@0:4,0x35adc5
InteractViewController,didReceiveMemoryWarning,types 0x3c6510 v8@0:4,0x35c3f9
InteractViewController,loadView,types 0x3c6510 v8@0:4,0x35be15
InteractViewController,reinit,types 0x3c6510 v8@0:4,0x35ada5
InteractViewController,alertView:clickedButtonAtIndex:,types 0x3c660c v16@0:4@8i12,0x35bc85
InteractViewController,actionSheet:clickedButtonAtIndex:,types 0x3c660c v16@0:4@8i12,0x35b6c1
InteractViewController,showActionSheet:,types 0x3c6521 v12@0:4@8,0x35b3cd
InteractViewController,doBack:,types 0x3c6521 v12@0:4@8,0x35b3a5
InteractViewController,doneSelect:,types 0x3c6521 v12@0:4@8,0x35b301
InteractViewController,cancelSelect:,types 0x3c6521 v12@0:4@8,0x35b25d
InteractViewController,showPickerPhone,types 0x3c6510 v8@0:4,0x35b0cd
InteractViewController,showPickerMail,types 0x3c6510 v8@0:4,0x35af29
InteractViewController,getPeopleWithPhone,types 0x3c64c5 @8@0:4,0x35c2cd
InteractViewController,getPeopleWithMail,types 0x3c64c5 @8@0:4,0x35c1a1
contentInset,contentInset,types 0x3c6c51 {UIEdgeInsets=ffff}8@0:4,0x35c701
OverlayViewController,setTableController:,types 0x3c6521 v12@0:4@8,0x35c7f9
OverlayViewController,tableController,types 0x3c64c5 @8@0:4,0x35c721
OverlayViewController,dealloc,types 0x3c6510 v8@0:4,0x35c821
OverlayViewController,viewDidUnload,types 0x3c6510 v8@0:4,0x35c71d
OverlayViewController,didReceiveMemoryWarning,types 0x3c6510 v8@0:4,0x35c7cd
OverlayViewController,loadView,types 0x3c6510 v8@0:4,0x35c771
OverlayViewController,touchesBegan:withEvent:,types 0x3c64d3 v16@0:4@8@12,0x35c731
SendMailViewController,setOpenAddressBookButton:,types 0x3c6521 v12@0:4@8,0x35ed35
SendMailViewController,openAddressBookButton,types 0x3c64c5 @8@0:4,0x35cb21
SendMailViewController,setMailController:,types 0x3c6521 v12@0:4@8,0x35ed5d
SendMailViewController,mailController,types 0x3c64c5 @8@0:4,0x35cb11
SendMailViewController,setMailBar:,types 0x3c6521 v12@0:4@8,0x35ed85
SendMailViewController,mailBar,types 0x3c64c5 @8@0:4,0x35cb01
SendMailViewController,setDoneSendMailBarButton:,types 0x3c6521 v12@0:4@8,0x35edad
SendMailViewController,doneSendMailBarButton,types 0x3c64c5 @8@0:4,0x35caf1
SendMailViewController,setCancelSendMailBarButton:,types 0x3c6521 v12@0:4@8,0x35edd5
SendMailViewController,cancelSendMailBarButton,types 0x3c64c5 @8@0:4,0x35cae1
SendMailViewController,setDoneSelectMailBarButton:,types 0x3c6521 v12@0:4@8,0x35edfd
SendMailViewController,doneSelectMailBarButton,types 0x3c64c5 @8@0:4,0x35cad1
SendMailViewController,setCancelSelectMailBarButton:,types 0x3c6521 v12@0:4@8,0x35ee25
SendMailViewController,cancelSelectMailBarButton,types 0x3c64c5 @8@0:4,0x35cac1
SendMailViewController,setMailScrollView:,types 0x3c6521 v12@0:4@8,0x35ee4d
SendMailViewController,mailScrollView,types 0x3c64c5 @8@0:4,0x35cab1
SendMailViewController,setMailTextView:,types 0x3c6521 v12@0:4@8,0x35ee75
SendMailViewController,mailTextView,types 0x3c64c5 @8@0:4,0x35caa1
SendMailViewController,setRecipientsNamesArray:,types 0x3c6521 v12@0:4@8,0x35ee9d
SendMailViewController,recipientsNamesArray,types 0x3c64c5 @8@0:4,0x35ca91
SendMailViewController,setRecipientsMailsArray:,types 0x3c6521 v12@0:4@8,0x35eec5
SendMailViewController,recipientsMailsArray,types 0x3c64c5 @8@0:4,0x35ca81
SendMailViewController,setRecipientsTextFieldsArray:,types 0x3c6521 v12@0:4@8,0x35eeed
SendMailViewController,recipientsTextFieldsArray,types 0x3c64c5 @8@0:4,0x35ca71
SendMailViewController,setLineBreakLabel:,types 0x3c6521 v12@0:4@8,0x35ef15
SendMailViewController,lineBreakLabel,types 0x3c64c5 @8@0:4,0x35ca61
SendMailViewController,setMyWebView:,types 0x3c6521 v12@0:4@8,0x35ef3d
SendMailViewController,myWebView,types 0x3c64c5 @8@0:4,0x35ca51
SendMailViewController,setReceivedData:,types 0x3c6521 v12@0:4@8,0x35ef65
SendMailViewController,receivedData,types 0x3c64c5 @8@0:4,0x35ca41
SendMailViewController,setSubjectLabel:,types 0x3c6521 v12@0:4@8,0x35ef8d
SendMailViewController,subjectLabel,types 0x3c64c5 @8@0:4,0x35ca31
SendMailViewController,setAddButtonTouchArea:,types 0x3c6521 v12@0:4@8,0x35efb5
SendMailViewController,addButtonTouchArea,types 0x3c64c5 @8@0:4,0x35ca21
SendMailViewController,setUrlView:,types 0x3c6521 v12@0:4@8,0x35efdd
SendMailViewController,urlView,types 0x3c64c5 @8@0:4,0x35ca11
SendMailViewController,setGameId:,types 0x3c6521 v12@0:4@8,0x35f001
SendMailViewController,gameId,types 0x3c64c5 @8@0:4,0x35ca01
SendMailViewController,setTextFieldForEdit:,types 0x3c6521 v12@0:4@8,0x35f025
SendMailViewController,textFieldForEdit,types 0x3c64c5 @8@0:4,0x35c9f1
SendMailViewController,dealloc,types 0x3c6510 v8@0:4,0x35f04d
SendMailViewController,connectionDidFinishLoading:,types 0x3c6521 v12@0:4@8,0x35e4f9
SendMailViewController,connection:didReceiveData:,types 0x3c64d3 v16@0:4@8@12,0x35e4cd
SendMailViewController,webViewDidFinishLoad:,types 0x3c6521 v12@0:4@8,0x35e435
SendMailViewController,webViewDidStartLoad:,types 0x3c6521 v12@0:4@8,0x35e3e9
SendMailViewController,addSelectedMails:,types 0x3c6521 v12@0:4@8,0x35eba5
SendMailViewController,addAddFriendButtonToView,types 0x3c6510 v8@0:4,0x35f2d1
SendMailViewController,addTextFieldToViewForEditing:,types 0x3c6521 v12@0:4@8,0x35f3e9
SendMailViewController,addTextFieldToView:,types 0x3c6521 v12@0:4@8,0x35f521
SendMailViewController,addTextFieldForEditing,types 0x3c6510 v8@0:4,0x35f7cd
SendMailViewController,addTextFieldWithString:,types 0x3c6521 v12@0:4@8,0x35f975
SendMailViewController,refreshRecipientsList,types 0x3c6510 v8@0:4,0x35fc15
SendMailViewController,keyboardDidHide:,types 0x3c6521 v12@0:4@8,0x35e3c5
SendMailViewController,willHideKeyboard:,types 0x3c6521 v12@0:4@8,0x35e3a1
SendMailViewController,keyboardDidShow:,types 0x3c6521 v12@0:4@8,0x35e37d
SendMailViewController,willShowKeyboard:,types 0x3c6521 v12@0:4@8,0x35e339
SendMailViewController,keyPressed:,types 0x3c6521 v12@0:4@8,0x35c9ed
SendMailViewController,textField:shouldChangeCharactersInRange:replacementString:,types 0x3c6709 c24@0:4@8{_NSRange=II}12@20,0x35ffd9
SendMailViewController,textfieldDidChange:,types 0x3c6521 v12@0:4@8,0x360029
SendMailViewController,startAddMail,types 0x3c652b c8@0:4,0x35e2e1
SendMailViewController,textFieldShouldReturn:,types 0x3c6594 c12@0:4@8,0x35e2c5
SendMailViewController,addEditedTextFild,types 0x3c6510 v8@0:4,0x360155
SendMailViewController,textFieldDidEndEditing:,types 0x3c6521 v12@0:4@8,0x3602d1
SendMailViewController,textFieldDidBeginEditing:,types 0x3c6521 v12@0:4@8,0x35c9e9
SendMailViewController,textFieldShouldBeginEditing:,types 0x3c6594 c12@0:4@8,0x35e1c5
SendMailViewController,viewDidUnload,types 0x3c6510 v8@0:4,0x35c9e5
SendMailViewController,didReceiveMemoryWarning,types 0x3c6510 v8@0:4,0x35ed09
SendMailViewController,loadView,types 0x3c6510 v8@0:4,0x35d2e9
SendMailViewController,reinit,types 0x3c6510 v8@0:4,0x35d16d
SendMailViewController,doneSelectMail:,types 0x3c6521 v12@0:4@8,0x35d021
SendMailViewController,cancelSelectMail:,types 0x3c6521 v12@0:4@8,0x35cef1
SendMailViewController,cancelSendMail:,types 0x3c6521 v12@0:4@8,0x35cd5d
SendMailViewController,doneSendMail:,types 0x3c6521 v12@0:4@8,0x35e699
SendMailViewController,showPicker:,types 0x3c6521 v12@0:4@8,0x35cb31
SendMailViewController,getPeopleWithMail,types 0x3c64c5 @8@0:4,0x35e575
SendMailViewController,sendMail:,types 0x3c6521 v12@0:4@8,0x35c9e1
SendSmsViewController,setNavigationBar:,types 0x3c6521 v12@0:4@8,0x36209d
SendSmsViewController,navigationBar,types 0x3c64c5 @8@0:4,0x3604f5
SendSmsViewController,setSmsContentView:,types 0x3c6521 v12@0:4@8,0x3620c5
SendSmsViewController,smsContentView,types 0x3c64c5 @8@0:4,0x3604e5
SendSmsViewController,setBackgroundView:,types 0x3c6521 v12@0:4@8,0x3620ed
SendSmsViewController,backgroundView,types 0x3c64c5 @8@0:4,0x3604d5
SendSmsViewController,setSendButton:,types 0x3c6521 v12@0:4@8,0x362115
SendSmsViewController,sendButton,types 0x3c64c5 @8@0:4,0x3604c5
SendSmsViewController,setToLabel:,types 0x3c6521 v12@0:4@8,0x36213d
SendSmsViewController,toLabel,types 0x3c64c5 @8@0:4,0x3604b5
SendSmsViewController,setRecipientsScrollView:,types 0x3c6521 v12@0:4@8,0x362165
SendSmsViewController,recipientsScrollView,types 0x3c64c5 @8@0:4,0x3604a5
SendSmsViewController,setRecipientsNamesArray:,types 0x3c6521 v12@0:4@8,0x36218d
SendSmsViewController,recipientsNamesArray,types 0x3c64c5 @8@0:4,0x360495
SendSmsViewController,setRecipientsUsersIdArray:,types 0x3c6521 v12@0:4@8,0x3621b5
SendSmsViewController,recipientsUsersIdArray,types 0x3c64c5 @8@0:4,0x360485
SendSmsViewController,setRecipientsTexFieldsArray:,types 0x3c6521 v12@0:4@8,0x3621dd
SendSmsViewController,recipientsTexFieldsArray,types 0x3c64c5 @8@0:4,0x360475
SendSmsViewController,setAddButton:,types 0x3c6521 v12@0:4@8,0x362205
SendSmsViewController,addButton,types 0x3c64c5 @8@0:4,0x360465
SendSmsViewController,setMyWebView:,types 0x3c6521 v12@0:4@8,0x36222d
SendSmsViewController,myWebView,types 0x3c64c5 @8@0:4,0x360455
SendSmsViewController,setReceivedData:,types 0x3c6521 v12@0:4@8,0x362255
SendSmsViewController,receivedData,types 0x3c64c5 @8@0:4,0x360445
SendSmsViewController,setAddButtonTouchArea:,types 0x3c6521 v12@0:4@8,0x36227d
SendSmsViewController,addButtonTouchArea,types 0x3c64c5 @8@0:4,0x360435
SendSmsViewController,setAllowAddRecipients:,types 0x3c6851 v12@0:4c8,0x360425
SendSmsViewController,allowAddRecipients,types 0x3c652b c8@0:4,0x360415
SendSmsViewController,setCloseButton:,types 0x3c6521 v12@0:4@8,0x3622a5
SendSmsViewController,closeButton,types 0x3c64c5 @8@0:4,0x360405
SendSmsViewController,dealloc,types 0x3c6510 v8@0:4,0x3622cd
SendSmsViewController,showFriends:,types 0x3c6521 v12@0:4@8,0x361f0d
SendSmsViewController,connectionDidFinishLoading:,types 0x3c6521 v12@0:4@8,0x361e61
SendSmsViewController,connection:didReceiveData:,types 0x3c64d3 v16@0:4@8@12,0x361e35
SendSmsViewController,webView:shouldStartLoadWithRequest:navigationType:,types 0x3c66b4 c20@0:4@8@12i16,0x362509
SendSmsViewController,cancelLoadFriends:,types 0x3c6521 v12@0:4@8,0x361d89
SendSmsViewController,webViewDidFinishLoad:,types 0x3c6521 v12@0:4@8,0x361d1d
SendSmsViewController,webViewDidStartLoad:,types 0x3c6521 v12@0:4@8,0x360401
SendSmsViewController,viewDidUnload,types 0x3c6510 v8@0:4,0x3603fd
SendSmsViewController,didReceiveMemoryWarning,types 0x3c6510 v8@0:4,0x36277d
SendSmsViewController,addAddFriendButtonToView,types 0x3c6510 v8@0:4,0x3627a9
SendSmsViewController,addTextFieldToView:,types 0x3c6521 v12@0:4@8,0x3628e9
SendSmsViewController,addTextFieldWithString:,types 0x3c6521 v12@0:4@8,0x362b85
SendSmsViewController,refreshRecipientsList,types 0x3c6510 v8@0:4,0x362e2d
SendSmsViewController,done:,types 0x3c6521 v12@0:4@8,0x361831
SendSmsViewController,cancel:,types 0x3c6521 v12@0:4@8,0x3616ed
SendSmsViewController,keyboardDidHide:,types 0x3c6521 v12@0:4@8,0x3616c9
SendSmsViewController,willHideKeyboard:,types 0x3c6521 v12@0:4@8,0x3616a5
SendSmsViewController,keyboardDidShow:,types 0x3c6521 v12@0:4@8,0x361681
SendSmsViewController,willShowKeyboard:,types 0x3c6521 v12@0:4@8,0x36165d
SendSmsViewController,keyPressed:,types 0x3c6521 v12@0:4@8,0x3631e9
SendSmsViewController,textFieldDidEndEditing:,types 0x3c6521 v12@0:4@8,0x3615e9
SendSmsViewController,textFieldDidBeginEditing:,types 0x3c6521 v12@0:4@8,0x361575
SendSmsViewController,textFieldShouldBeginEditing:,types 0x3c6594 c12@0:4@8,0x3614cd
SendSmsViewController,textViewDidChange:,types 0x3c6521 v12@0:4@8,0x3632e9
SendSmsViewController,textViewDidEndEditing:,types 0x3c6521 v12@0:4@8,0x3603f9
SendSmsViewController,textViewDidBeginEditing:,types 0x3c6521 v12@0:4@8,0x3603f5
SendSmsViewController,setResponder,types 0x3c6510 v8@0:4,0x3614a9
SendSmsViewController,viewDidLoad,types 0x3c6510 v8@0:4,0x362071
SendSmsViewController,loadView,types 0x3c6510 v8@0:4,0x3606bd
SendSmsViewController,initArrays,types 0x3c6510 v8@0:4,0x360505
TableViewController,setListOfItems:,types 0x3c6521 v12@0:4@8,0x364aa5
TableViewController,listOfItems,types 0x3c64c5 @8@0:4,0x3636f5
TableViewController,setMySearchBar:,types 0x3c6521 v12@0:4@8,0x364acd
TableViewController,mySearchBar,types 0x3c64c5 @8@0:4,0x3636e5
TableViewController,setMyTableView:,types 0x3c6521 v12@0:4@8,0x364af5
TableViewController,myTableView,types 0x3c64c5 @8@0:4,0x3636d5
TableViewController,setTableData:,types 0x3c6521 v12@0:4@8,0x364b1d
TableViewController,tableData,types 0x3c64c5 @8@0:4,0x3636c5
TableViewController,setSelectedItems:,types 0x3c6521 v12@0:4@8,0x364b45
TableViewController,selectedItems,types 0x3c64c5 @8@0:4,0x3636b5
TableViewController,setCheckBoxImage:,types 0x3c6521 v12@0:4@8,0x364b6d
TableViewController,checkBoxImage,types 0x3c64c5 @8@0:4,0x3636a5
TableViewController,setAlphabet:,types 0x3c6521 v12@0:4@8,0x364b95
TableViewController,alphabet,types 0x3c64c5 @8@0:4,0x363695
TableViewController,setListOfItemsBySections:,types 0x3c6521 v12@0:4@8,0x364bbd
TableViewController,listOfItemsBySections,types 0x3c64c5 @8@0:4,0x363685
TableViewController,setOvController:,types 0x3c6521 v12@0:4@8,0x364be5
TableViewController,ovController,types 0x3c64c5 @8@0:4,0x363675
TableViewController,setCellDetailField:,types 0x3c6748 v12@0:4i8,0x363665
TableViewController,cellDetailField,types 0x3c6661 i8@0:4,0x363655
TableViewController,dealloc,types 0x3c6510 v8@0:4,0x364c0d
TableViewController,searchBarCancelButtonClicked:,types 0x3c6521 v12@0:4@8,0x364d85
TableViewController,searchBar:textDidChange:,types 0x3c64d3 v16@0:4@8@12,0x3646a9
TableViewController,searchBarTextDidEndEditing:,types 0x3c6521 v12@0:4@8,0x3637ed
TableViewController,searchBarTextDidBeginEditing:,types 0x3c6521 v12@0:4@8,0x3644b1
TableViewController,tableView:willSelectRowAtIndexPath:,types 0x3c681d @16@0:4@8@12,0x36363d
TableViewController,tableView:titleForHeaderInSection:,types 0x3c6a94 @16@0:4@8i12,0x3637a9
TableViewController,sectionIndexTitlesForTableView:,types 0x3c6692 @12@0:4@8,0x363619
TableViewController,tableView:didSelectRowAtIndexPath:,types 0x3c64d3 v16@0:4@8@12,0x363fb9
TableViewController,tableView:cellForRowAtIndexPath:,types 0x3c681d @16@0:4@8@12,0x364f7d
TableViewController,tableView:numberOfRowsInSection:,types 0x3c6aa1 i16@0:4@8i12,0x363741
TableViewController,numberOfSectionsInTableView:,types 0x3c6aae i12@0:4@8,0x363705
TableViewController,didReceiveMemoryWarning,types 0x3c6510 v8@0:4,0x365899
TableViewController,viewDidLoad,types 0x3c6510 v8@0:4,0x364a79
TableViewController,loadView,types 0x3c6510 v8@0:4,0x363849
FBDialog,setSession:,types 0x3c6521 v12@0:4@8,0x365985
FBDialog,session,types 0x3c64c5 @8@0:4,0x365975
FBDialog,setDelegate:,types 0x3c6521 v12@0:4@8,0x365965
FBDialog,delegate,types 0x3c64c5 @8@0:4,0x365955
FBDialog,dialogDidSucceed:,types 0x3c6521 v12@0:4@8,0x3665ad
FBDialog,dialogWillDisappear,types 0x3c6510 v8@0:4,0x365951
FBDialog,dialogWillAppear,types 0x3c6510 v8@0:4,0x36594d
FBDialog,loadURL:method:get:post:,types 0x3c6c78 v24@0:4@8@12@16@20,0x366355
FBDialog,load,types 0x3c6510 v8@0:4,0x365949
FBDialog,dismissWithError:animated:,types 0x3c66d4 v16@0:4@8c12,0x3662e5
FBDialog,dismissWithSuccess:animated:,types 0x3c6c8b v16@0:4c8c12,0x366251
FBDialog,show,types 0x3c6510 v8@0:4,0x367789
FBDialog,setTitle:,types 0x3c6521 v12@0:4@8,0x366229
FBDialog,title,types 0x3c64c5 @8@0:4,0x366205
FBDialog,keyboardWillHide:,types 0x3c6521 v12@0:4@8,0x36696d
FBDialog,keyboardWillShow:,types 0x3c6521 v12@0:4@8,0x36688d
FBDialog,deviceOrientationDidChange:,types 0x3c6c98 v12@0:4^v8,0x366101
FBDialog,webView:didFailLoadWithError:,types 0x3c64d3 v16@0:4@8@12,0x366095
FBDialog,webViewDidFinishLoad:,types 0x3c6521 v12@0:4@8,0x366009
FBDialog,webView:shouldStartLoadWithRequest:navigationType:,types 0x3c66b4 c20@0:4@8@12i16,0x365e8d
FBDialog,drawRect:,types 0x3c6b6a v24@0:4{CGRect={CGPoint=ff}{CGSize=ff}}8,0x366bf9
FBDialog,dealloc,types 0x3c6510 v8@0:4,0x367c8d
FBDialog,initWithSession:,types 0x3c6692 @12@0:4@8,0x36720d
FBDialog,init,types 0x3c64c5 @8@0:4,0x365e51
FBDialog,cancel,types 0x3c6510 v8@0:4,0x365e35
FBDialog,dismiss:,types 0x3c6851 v12@0:4c8,0x365d45
FBDialog,postDismissCleanup,types 0x3c6510 v8@0:4,0x365d19
FBDialog,removeObservers,types 0x3c6510 v8@0:4,0x365c81
FBDialog,addObservers,types 0x3c6510 v8@0:4,0x365bc5
FBDialog,generatePostBody:,types 0x3c6692 @12@0:4@8,0x367029
FBDialog,generateURL:params:,types 0x3c681d @16@0:4@8@12,0x366e75
FBDialog,bounce2AnimationStopped,types 0x3c6510 v8@0:4,0x3667e1
FBDialog,bounce1AnimationStopped,types 0x3c6510 v8@0:4,0x366d69
FBDialog,updateWebOrientation,types 0x3c6510 v8@0:4,0x365b55
FBDialog,sizeToFitOrientation:,types 0x3c6851 v12@0:4c8,0x366a55
FBDialog,transformForOrientation,types 0x3c6ca3 {CGAffineTransform=ffffff}8@0:4,0x366765
FBDialog,shouldRotateToOrientation:,types 0x3c6681 c12@0:4i8,0x365915
FBDialog,strokeLines:stroke:,types 0x3c6cc3 v28@0:4{CGRect={CGPoint=ff}{CGSize=ff}}8r^f24,0x366669
FBDialog,drawRect:fill:radius:,types 0x3c6cf1 v32@0:4{CGRect={CGPoint=ff}{CGSize=ff}}8r^f24f28,0x3665c9
FBDialog,addRoundedRectToPath:rect:radius:,types 0x3c6d22 v32@0:4^{CGContext=}8{CGRect={CGPoint=ff}{CGSize=ff}}12f28,0x365995
session,session,types 0x3c64c5 @8@0:4,0x367d7d
session,style,types 0x3c6661 i8@0:4,0x367d6d
session,setStyle:,types 0x3c6748 v12@0:4i8,0x3682a5
session,setSession:,types 0x3c6521 v12@0:4@8,0x3681fd
session,accessibilityLabel,types 0x3c64c5 @8@0:4,0x36816d
session,accessibilityTraits,types 0x3c6ba3 Q8@0:4,0x3683ad
session,isAccessibilityElement,types 0x3c652b c8@0:4,0x367d69
session,sessionDidLogout:,types 0x3c6521 v12@0:4@8,0x368155
session,session:didLogin:,types 0x3c6a69 v20@0:4@8Q12,0x36813d
session,setHighlighted:,types 0x3c6851 v12@0:4c8,0x368429
session,layoutSubviews,types 0x3c6510 v8@0:4,0x368469
session,sizeThatFits:,types 0x3c6bc9 {CGSize=ff}16@0:4{CGSize=ff}8,0x3684c9
session,dealloc,types 0x3c6510 v8@0:4,0x3682c9
session,awakeFromNib,types 0x3c6510 v8@0:4,0x368125
session,initWithFrame:,types 0x3c6532 @24@0:4{CGRect={CGPoint=ff}{CGSize=ff}}8,0x368505
session,initButton,types 0x3c6510 v8@0:4,0x368001
session,touchUpInside,types 0x3c6510 v8@0:4,0x367f71
session,updateImage,types 0x3c6510 v8@0:4,0x367ef5
session,buttonHighlightedImage,types 0x3c64c5 @8@0:4,0x367e41
session,buttonImage,types 0x3c64c5 @8@0:4,0x367d8d
session,session:didLogin:,types 0x3c6a69 v20@0:4@8Q12,0x0
initialize,initialize,types 0x3c6510 v8@0:4,0x368351
initialize,session:didLogin:,types 0x3c6a69 v20@0:4@8Q12,0x0
FBLoginDialog,request:didFailWithError:,types 0x3c64d3 v16@0:4@8@12,0x368985
FBLoginDialog,request:didLoad:,types 0x3c64d3 v16@0:4@8@12,0x368839
FBLoginDialog,dialogDidSucceed:,types 0x3c6521 v12@0:4@8,0x368a09
FBLoginDialog,dialogWillDisappear,types 0x3c6510 v8@0:4,0x3687ad
FBLoginDialog,load,types 0x3c6510 v8@0:4,0x368795
FBLoginDialog,dealloc,types 0x3c6510 v8@0:4,0x368ab9
FBLoginDialog,initWithSession:,types 0x3c6692 @12@0:4@8,0x3689c9
FBLoginDialog,loadLoginPage,types 0x3c6510 v8@0:4,0x3686b5
FBLoginDialog,connectToGetSession:,types 0x3c6521 v12@0:4@8,0x368585
FBPermissionDialog,setPermission:,types 0x3c6521 v12@0:4@8,0x368ce9
FBPermissionDialog,permission,types 0x3c64c5 @8@0:4,0x368b1d
FBPermissionDialog,webView:shouldStartLoadWithRequest:navigationType:,types 0x3c66b4 c20@0:4@8@12i16,0x368d0d
FBPermissionDialog,dialogDidSucceed:,types 0x3c6521 v12@0:4@8,0x368dfd
FBPermissionDialog,load,types 0x3c6510 v8@0:4,0x368b91
FBPermissionDialog,dealloc,types 0x3c6510 v8@0:4,0x368e75
FBPermissionDialog,initWithSession:,types 0x3c6692 @12@0:4@8,0x368ee1
FBPermissionDialog,redirectToLoginDelayed,types 0x3c6510 v8@0:4,0x368ca9
FBPermissionDialog,redirectToLogin,types 0x3c6510 v8@0:4,0x368b2d
FBRequest,setDelegate:,types 0x3c6521 v12@0:4@8,0x36903d
FBRequest,delegate,types 0x3c64c5 @8@0:4,0x36902d
FBRequest,url,types 0x3c64c5 @8@0:4,0x36901d
FBRequest,method,types 0x3c64c5 @8@0:4,0x36900d
FBRequest,params,types 0x3c64c5 @8@0:4,0x368ffd
FBRequest,dataParam,types 0x3c64c5 @8@0:4,0x368fed
FBRequest,setUserInfo:,types 0x3c6521 v12@0:4@8,0x369d59
FBRequest,userInfo,types 0x3c64c5 @8@0:4,0x368fdd
FBRequest,timestamp,types 0x3c64c5 @8@0:4,0x368fcd
FBRequest,cancel,types 0x3c6510 v8@0:4,0x369bb1
FBRequest,post:params:,types 0x3c64d3 v16@0:4@8@12,0x369b15
FBRequest,call:params:dataParam:,types 0x3c6b32 v20@0:4@8@12@16,0x3698ad
FBRequest,call:params:,types 0x3c64d3 v16@0:4@8@12,0x369889
FBRequest,loading,types 0x3c652b c8@0:4,0x368fb5
FBRequest,connection:didFailWithError:,types 0x3c64d3 v16@0:4@8@12,0x369825
FBRequest,connectionDidFinishLoading:,types 0x3c6521 v12@0:4@8,0x3697bd
FBRequest,connection:willCacheResponse:,types 0x3c681d @16@0:4@8@12,0x368fb1
FBRequest,connection:didReceiveData:,types 0x3c64d3 v16@0:4@8@12,0x369791
FBRequest,connection:didReceiveResponse:,types 0x3c64d3 v16@0:4@8@12,0x3696fd
FBRequest,description,types 0x3c64c5 @8@0:4,0x3696a9
FBRequest,dealloc,types 0x3c6510 v8@0:4,0x369d81
FBRequest,initWithSession:,types 0x3c6692 @12@0:4@8,0x368f2d
FBRequest,connect,types 0x3c6510 v8@0:4,0x369499
FBRequest,handleResponseData:,types 0x3c6521 v12@0:4@8,0x3693f9
FBRequest,failWithError:,types 0x3c6521 v12@0:4@8,0x3693a5
FBRequest,parseXMLResponse:error:,types 0x3c6bf4 @16@0:4@8^@12,0x369195
FBRequest,generatePostBody,types 0x3c64c5 @8@0:4,0x369e59
FBRequest,utfAppendBody:data:,types 0x3c64d3 v16@0:4@8@12,0x369161
FBRequest,generateSig,types 0x3c64c5 @8@0:4,0x36a249
FBRequest,generateCallId,types 0x3c64c5 @8@0:4,0x3690fd
FBRequest,generateGetURL,types 0x3c64c5 @8@0:4,0x36a4a9
FBRequest,urlForMethod:,types 0x3c6692 @12@0:4@8,0x3690a5
FBRequest,isSpecialMethod,types 0x3c652b c8@0:4,0x36904d
FBRequest,md5HexDigest:,types 0x3c6692 @12@0:4@8,0x36a699
FBRequest,requestWithSession:delegate:,types 0x3c681d @16@0:4@8@12,0x369cf9
FBRequest,requestWithSession:,types 0x3c6692 @12@0:4@8,0x369cb1
FBRequest,requestWithDelegate:,types 0x3c6692 @12@0:4@8,0x369c71
FBRequest,request,types 0x3c64c5 @8@0:4,0x369c35
delegates,delegates,types 0x3c64c5 @8@0:4,0x36a7e5
delegates,apiKey,types 0x3c64c5 @8@0:4,0x36a7d5
delegates,apiSecret,types 0x3c64c5 @8@0:4,0x36a7c5
delegates,getSessionProxy,types 0x3c64c5 @8@0:4,0x36a7b5
delegates,userid,types 0x3c6ba3 Q8@0:4,0x36a79d
delegates,sessionKey,types 0x3c64c5 @8@0:4,0x36a78d
delegates,sessionSecret,types 0x3c64c5 @8@0:4,0x36a77d
delegates,expirationDate,types 0x3c64c5 @8@0:4,0x36a76d
delegates,deleteFacebookCookies,types 0x3c6510 v8@0:4,0x36ae55
delegates,send:,types 0x3c6521 v12@0:4@8,0x36ad4d
delegates,logout,types 0x3c6510 v8@0:4,0x36af4d
delegates,cancelLogin,types 0x3c6510 v8@0:4,0x36b1b9
delegates,resume,types 0x3c652b c8@0:4,0x36b29d
delegates,begin:sessionKey:sessionSecret:expires:,types 0x3c6baa v28@0:4Q8@16@20@24,0x36acc9
delegates,isConnected,types 0x3c652b c8@0:4,0x36a755
delegates,apiSecureURL,types 0x3c64c5 @8@0:4,0x36a749
delegates,apiURL,types 0x3c64c5 @8@0:4,0x36a73d
delegates,dealloc,types 0x3c6510 v8@0:4,0x36b4ad
delegates,initWithKey:secret:getSessionProxy:,types 0x3c6b93 @20@0:4@8@12@16,0x36b5ad
delegates,requestTimerReady,types 0x3c6510 v8@0:4,0x36aca1
delegates,flushRequestQueue,types 0x3c6510 v8@0:4,0x36ac09
delegates,performRequest:enqueue:,types 0x3c6b42 c16@0:4@8c12,0x36aac9
delegates,enqueueRequest:,types 0x3c6521 v12@0:4@8,0x36aa91
delegates,startFlushTimer,types 0x3c6510 v8@0:4,0x36aa09
delegates,unsave,types 0x3c6510 v8@0:4,0x36a981
delegates,save,types 0x3c6510 v8@0:4,0x36a7f5
FBSession,sessionForApplication:getSessionProxy:delegate:,types 0x3c6b93 @20@0:4@8@12@16,0x36addd
FBSession,sessionForApplication:secret:delegate:,types 0x3c6b93 @20@0:4@8@12@16,0x36ad65
FBSession,setSession:,types 0x3c6521 v12@0:4@8,0x36a72d
FBSession,session,types 0x3c64c5 @8@0:4,0x36a71d
rootObject,rootObject,types 0x3c64c5 @8@0:4,0x36b731
rootObject,rootName,types 0x3c64c5 @8@0:4,0x36b721
rootObject,parseError,types 0x3c64c5 @8@0:4,0x36b711
rootObject,parser:parseErrorOccurred:,types 0x3c64d3 v16@0:4@8@12,0x36bd71
rootObject,parser:didEndElement:namespaceURI:qualifiedName:,types 0x3c6c78 v24@0:4@8@12@16@20,0x36bbd1
rootObject,parser:foundCharacters:,types 0x3c64d3 v16@0:4@8@12,0x36bb8d
rootObject,parser:didStartElement:namespaceURI:qualifiedName:attributes:,types 0x3c6d7c v28@0:4@8@12@16@20@24,0x36bacd
rootObject,dealloc,types 0x3c6510 v8@0:4,0x36be69
rootObject,init,types 0x3c64c5 @8@0:4,0x36bd99
rootObject,flushCharacters,types 0x3c6510 v8@0:4,0x36b8e9
rootObject,topContainer,types 0x3c64c5 @8@0:4,0x36b825
rootObject,topObject:,types 0x3c6d92 @12@0:4c8,0x36b765
rootObject,topName,types 0x3c64c5 @8@0:4,0x36b741
BadgeNumber,setCount:,types 0x3c6748 v12@0:4i8,0x3703dd
BadgeNumber,count,types 0x3c6661 i8@0:4,0x3703cd
BadgeNumber,setTopRightY:,types 0x3c6748 v12@0:4i8,0x3703bd
BadgeNumber,topRightY,types 0x3c6661 i8@0:4,0x3703ad
BadgeNumber,setTopRightX:,types 0x3c6748 v12@0:4i8,0x37039d
BadgeNumber,topRightX,types 0x3c6661 i8@0:4,0x37038d
BadgeNumber,setOnButton:,types 0x3c6521 v12@0:4@8,0x370485
BadgeNumber,onButton,types 0x3c64c5 @8@0:4,0x37037d
BadgeNumber,setBRed:,types 0x3c6851 v12@0:4c8,0x37036d
BadgeNumber,bRed,types 0x3c652b c8@0:4,0x37035d
BadgeNumber,touchesEnded:withEvent:,types 0x3c64d3 v16@0:4@8@12,0x3704ad
BadgeNumber,touchesBegan:withEvent:,types 0x3c64d3 v16@0:4@8@12,0x3704f9
BadgeNumber,dealloc,types 0x3c6510 v8@0:4,0x370521
BadgeNumber,drawWithCount:,types 0x3c6748 v12@0:4i8,0x37056d
BadgeNumber,drawRect:,types 0x3c6b6a v24@0:4{CGRect={CGPoint=ff}{CGSize=ff}}8,0x370599
BadgeNumber,initWithFrame:,types 0x3c6532 @24@0:4{CGRect={CGPoint=ff}{CGSize=ff}}8,0x3703ed
MyUIScrollView,touchesEnded:withEvent:,types 0x3c64d3 v16@0:4@8@12,0x371e35
dummy,dummy,types 0x3c6510 v8@0:4,0x38ad24
VoxiPodNotificationHandler,handle_libraryChanged:,types 0x3c6521 v12@0:4@8,0x38e354
VoxiPodNotificationHandler,handle_songChanged:,types 0x3c6521 v12@0:4@8,0x38e32c
VoxiPodNotificationHandler,handle_stateChanged:,types 0x3c6521 v12@0:4@8,0x38e300
VoxiPodNotificationHandler,setLibraryCallback:,types 0x3c6c6a v12@0:4^?8,0x38e3d0
VoxiPodNotificationHandler,setSongCallback:,types 0x3c6c6a v12@0:4^?8,0x38e4c4
VoxiPodNotificationHandler,setStateCallback:,types 0x3c6c6a v12@0:4^?8,0x38e5d8
VoxiPodNotificationHandler,reset,types 0x3c6510 v8@0:4,0x38e6ec
VoxiPodNotificationHandler,init,types 0x3c6510 v8@0:4,0x38e2c8
VoxiPodNotificationHandler,dealloc,types 0x3c6510 v8@0:4,0x38e930
VoxiPodNotificationHandler,alloc,types 0x3c64c5 @8@0:4,0x38e37c
